{"cameraMode":{"drawMode":0,"name":"Shaded","section":"Shading Mode"},"sceneLighting":true,"audioPlay":false,"sceneViewState":{"showFog":true,"showMaterialUpdate":false,"showSkybox":true,"showFlares":true,"showImageEffects":true,"showParticleSystems":true},"in2DMode":false,"pivot":{"x":-0.5018538236618042,"y":0.2740737199783325,"z":-2.1539175510406496},"rotation":{"x":-0.008116845972836018,"y":0.9870745539665222,"z":-0.15100929141044618,"w":-0.053055956959724429},"size":10.0,"orthographic":false}