{"cameraMode":{"drawMode":0,"name":"Shaded","section":"Shading Mode"},"sceneLighting":true,"audioPlay":false,"sceneViewState":{"showFog":true,"showMaterialUpdate":false,"showSkybox":true,"showFlares":true,"showImageEffects":true,"showParticleSystems":true},"in2DMode":false,"pivot":{"x":1.0926430225372315,"y":1.401931643486023,"z":-4.377242088317871},"rotation":{"x":0.06122652441263199,"y":0.8972579836845398,"z":-0.13176372647285462,"w":0.4169275760650635},"size":3.9020683765411379,"orthographic":false}