{"cameraMode":{"drawMode":0,"name":"Shaded","section":"Shading Mode"},"sceneLighting":true,"audioPlay":false,"sceneViewState":{"showFog":true,"showMaterialUpdate":true,"showSkybox":true,"showFlares":true,"showImageEffects":true,"showParticleSystems":true},"in2DMode":false,"pivot":{"x":2.126451253890991,"y":2.3464577198028566,"z":-2.6441893577575685},"rotation":{"x":0.0678081214427948,"y":0.7883881330490112,"z":-0.08836094290018082,"w":0.6050429344177246},"size":4.215628623962402,"orthographic":false}