{"cameraMode":{"drawMode":0,"name":"Shaded","section":"Shading Mode"},"sceneLighting":true,"audioPlay":false,"sceneViewState":{"showFog":true,"showMaterialUpdate":true,"showSkybox":true,"showFlares":true,"showImageEffects":true,"showParticleSystems":true},"in2DMode":false,"pivot":{"x":2.0141711235046388,"y":-0.7482137680053711,"z":-3.609969139099121},"rotation":{"x":0.036937687546014789,"y":0.9586557149887085,"z":-0.14695629477500916,"w":0.2409643977880478},"size":6.616363048553467,"orthographic":false}