{"cameraMode":{"drawMode":0,"name":"Shaded","section":"Shading Mode"},"sceneLighting":false,"audioPlay":false,"sceneViewState":{"showFog":true,"showMaterialUpdate":true,"showSkybox":false,"showFlares":true,"showImageEffects":true,"showParticleSystems":true},"in2DMode":false,"pivot":{"x":-17.589719772338868,"y":2.1123604774475099,"z":1.0452100038528443},"rotation":{"x":-0.04687606915831566,"y":0.9178540706634522,"z":-0.11404117941856384,"w":-0.37735646963119509},"size":2.447260856628418,"orthographic":false}