{"cameraMode":{"drawMode":0,"name":"Shaded","section":"Shading Mode"},"sceneLighting":true,"audioPlay":false,"sceneViewState":{"showFog":true,"showMaterialUpdate":true,"showSkybox":true,"showFlares":true,"showImageEffects":true,"showParticleSystems":true},"in2DMode":false,"pivot":{"x":-11.518777847290039,"y":1.1537443399429322,"z":2.7951040267944338},"rotation":{"x":0.056049931794404986,"y":-0.7451439499855042,"z":0.06325462460517883,"w":0.6616260409355164},"size":8.471874237060547,"orthographic":false}