{"cameraMode":{"drawMode":0,"name":"Shaded","section":"Shading Mode"},"sceneLighting":true,"audioPlay":false,"sceneViewState":{"showFog":true,"showMaterialUpdate":true,"showSkybox":true,"showFlares":true,"showImageEffects":true,"showParticleSystems":true},"in2DMode":false,"pivot":{"x":-2.2278244495391847,"y":0.30443012714385989,"z":-9.865758895874024},"rotation":{"x":-0.0034484334755688907,"y":0.9924079179763794,"z":-0.02859901636838913,"w":-0.11967840045690537},"size":8.290489196777344,"orthographic":false}