{"cameraMode":{"drawMode":0,"name":"Shaded","section":"Shading Mode"},"sceneLighting":false,"audioPlay":false,"sceneViewState":{"showFog":true,"showMaterialUpdate":true,"showSkybox":false,"showFlares":true,"showImageEffects":true,"showParticleSystems":true},"in2DMode":false,"pivot":{"x":-2.5450010299682619,"y":2.3381683826446535,"z":1.647118330001831},"rotation":{"x":0.08432016521692276,"y":0.7241367101669312,"z":-0.08995994925498963,"w":0.6785844564437866},"size":3.5000901222229006,"orthographic":false}