{"cameraMode":{"drawMode":0,"name":"Shaded","section":"Shading Mode"},"sceneLighting":true,"audioPlay":false,"sceneViewState":{"showFog":true,"showMaterialUpdate":false,"showSkybox":true,"showFlares":true,"showImageEffects":true,"showParticleSystems":true},"in2DMode":false,"pivot":{"x":4.820089340209961,"y":1.0649909973144532,"z":4.5937299728393559},"rotation":{"x":0.04221266880631447,"y":0.9003787040710449,"z":-0.08971142768859863,"w":0.4236617088317871},"size":2.4050261974334719,"orthographic":false}