{"cameraMode":{"drawMode":0,"name":"Shaded","section":"Shading Mode"},"sceneLighting":true,"audioPlay":false,"sceneViewState":{"showFog":true,"showMaterialUpdate":false,"showSkybox":true,"showFlares":true,"showImageEffects":true,"showParticleSystems":true},"in2DMode":false,"pivot":{"x":-2.787682056427002,"y":3.0051393508911135,"z":-1.6913740634918213},"rotation":{"x":0.04221266880631447,"y":0.9003787040710449,"z":-0.08971142768859863,"w":0.4236617088317871},"size":1.1336164474487305,"orthographic":false}