{"cameraMode":{"drawMode":0,"name":"Shaded","section":"Shading Mode"},"sceneLighting":false,"audioPlay":false,"sceneViewState":{"showFog":true,"showMaterialUpdate":false,"showSkybox":false,"showFlares":true,"showImageEffects":true,"showParticleSystems":true},"in2DMode":false,"pivot":{"x":-3.1227288246154787,"y":-0.37555980682373049,"z":-0.9314010143280029},"rotation":{"x":-0.028344670310616494,"y":0.8645285964012146,"z":-0.49937888979911806,"w":-0.049070555716753009},"size":9.569110870361329,"orthographic":false}