{"cameraMode":{"drawMode":0,"name":"Shaded","section":"Shading Mode"},"sceneLighting":false,"audioPlay":false,"sceneViewState":{"showFog":true,"showMaterialUpdate":false,"showSkybox":false,"showFlares":true,"showImageEffects":true,"showParticleSystems":true},"in2DMode":false,"pivot":{"x":-8.931158065795899,"y":-1.8714324235916138,"z":6.739338397979736},"rotation":{"x":0.005657917354255915,"y":0.9943416714668274,"z":-0.07352567464113236,"w":0.07651768624782562},"size":4.323812961578369,"orthographic":false}