{"cameraMode":{"drawMode":0,"name":"Shaded","section":"Shading Mode"},"sceneLighting":true,"audioPlay":false,"sceneViewState":{"showFog":true,"showMaterialUpdate":false,"showSkybox":true,"showFlares":true,"showImageEffects":true,"showParticleSystems":true},"in2DMode":false,"pivot":{"x":-6.564212799072266,"y":2.7295632362365724,"z":-0.7353360652923584},"rotation":{"x":-0.09166311472654343,"y":0.3180250823497772,"z":-0.030109446495771409,"w":-0.9433765411376953},"size":3.445166826248169,"orthographic":false}