{"cameraMode":{"drawMode":0,"name":"Shaded","section":"Shading Mode"},"sceneLighting":true,"audioPlay":false,"sceneViewState":{"showFog":true,"showMaterialUpdate":false,"showSkybox":false,"showFlares":true,"showImageEffects":true,"showParticleSystems":true},"in2DMode":false,"pivot":{"x":-1.4266855716705323,"y":2.066351890563965,"z":-0.35190868377685549},"rotation":{"x":0.08446554839611054,"y":-0.19063882529735566,"z":0.01625077985227108,"w":0.9780330061912537},"size":40.010372161865237,"orthographic":false}