{"cameraMode":{"drawMode":0,"name":"Shaded","section":"Shading Mode"},"sceneLighting":true,"audioPlay":false,"sceneViewState":{"showFog":true,"showMaterialUpdate":false,"showSkybox":true,"showFlares":true,"showImageEffects":true,"showParticleSystems":true},"in2DMode":false,"pivot":{"x":-5.984567165374756,"y":2.2537457942962648,"z":2.974382162094116},"rotation":{"x":-0.05259443074464798,"y":0.08748333156108856,"z":0.004356098361313343,"w":0.9948869943618774},"size":2.7441961765289308,"orthographic":false}