{"cameraMode":{"drawMode":0,"name":"Shaded","section":"Shading Mode"},"sceneLighting":true,"audioPlay":false,"sceneViewState":{"showFog":true,"showMaterialUpdate":false,"showSkybox":true,"showFlares":true,"showImageEffects":true,"showParticleSystems":true},"in2DMode":false,"pivot":{"x":-4.915287971496582,"y":1.1601965427398682,"z":-18.492271423339845},"rotation":{"x":0.0005797991761937738,"y":0.9945101141929627,"z":-0.10511922091245651,"w":0.0062110708095133308},"size":13.612737655639649,"orthographic":false}