{"cameraMode":{"drawMode":0,"name":"Shaded","section":"Shading Mode"},"sceneLighting":true,"audioPlay":false,"sceneViewState":{"showFog":true,"showMaterialUpdate":false,"showSkybox":false,"showFlares":true,"showImageEffects":true,"showParticleSystems":true},"in2DMode":false,"pivot":{"x":-6.528215408325195,"y":5.903861999511719,"z":-5.5475921630859379},"rotation":{"x":-0.003204592037945986,"y":0.9972250461578369,"z":-0.05899624153971672,"w":-0.04862753674387932},"size":40.010372161865237,"orthographic":false}