{"cameraMode":{"drawMode":0,"name":"Shaded","section":"Shading Mode"},"sceneLighting":true,"audioPlay":false,"sceneViewState":{"showFog":true,"showMaterialUpdate":false,"showSkybox":true,"showFlares":true,"showImageEffects":true,"showParticleSystems":true},"in2DMode":false,"pivot":{"x":-0.7692842483520508,"y":1.7075774669647217,"z":2.0241806507110597},"rotation":{"x":0.010280945338308812,"y":-0.9877792596817017,"z":0.1368938833475113,"w":0.07424097508192063},"size":2.759641408920288,"orthographic":false}