{"cameraMode":{"drawMode":0,"name":"Shaded","section":"Shading Mode"},"sceneLighting":true,"audioPlay":false,"sceneViewState":{"showFog":true,"showMaterialUpdate":false,"showSkybox":true,"showFlares":true,"showImageEffects":true,"showParticleSystems":true},"in2DMode":false,"pivot":{"x":-0.17871983349323274,"y":-1.6426982879638672,"z":-8.033991813659668},"rotation":{"x":0.13452333211898805,"y":-0.85075843334198,"z":0.26191446185112,"w":0.43578556180000307},"size":6.114401817321777,"orthographic":false}