{"cameraMode":{"drawMode":0,"name":"Shaded","section":"Shading Mode"},"sceneLighting":true,"audioPlay":false,"sceneViewState":{"showFog":true,"showMaterialUpdate":false,"showSkybox":true,"showFlares":true,"showImageEffects":true,"showParticleSystems":true},"in2DMode":false,"pivot":{"x":-4.154900550842285,"y":1.206404447555542,"z":0.08491771668195725},"rotation":{"x":0.08825617283582688,"y":0.15066078305244447,"z":-0.013627857901155949,"w":0.9846692085266113},"size":4.005771160125732,"orthographic":false}