{"cameraMode":{"drawMode":0,"name":"Shaded","section":"Shading Mode"},"sceneLighting":false,"audioPlay":false,"sceneViewState":{"showFog":true,"showMaterialUpdate":false,"showSkybox":false,"showFlares":true,"showImageEffects":true,"showParticleSystems":true},"in2DMode":false,"pivot":{"x":-0.00792694091796875,"y":0.2797725796699524,"z":0.10042279958724976},"rotation":{"x":-0.04536518082022667,"y":0.8784226179122925,"z":-0.08512965589761734,"w":-0.4681171476840973},"size":9.7860107421875,"orthographic":false}