{"cameraMode":{"drawMode":0,"name":"Shaded","section":"Shading Mode"},"sceneLighting":true,"audioPlay":false,"sceneViewState":{"showFog":true,"showMaterialUpdate":false,"showSkybox":false,"showFlares":true,"showImageEffects":true,"showParticleSystems":true},"in2DMode":false,"pivot":{"x":6.485237121582031,"y":1.9325721263885499,"z":0.6860504150390625},"rotation":{"x":-0.048648517578840259,"y":-0.9332699179649353,"z":0.14103521406650544,"w":-0.32748135924339297},"size":40.010372161865237,"orthographic":false}