{"cameraMode":{"drawMode":0,"name":"Shaded","section":"Shading Mode"},"sceneLighting":true,"audioPlay":false,"sceneViewState":{"showFog":true,"showMaterialUpdate":false,"showSkybox":true,"showFlares":true,"showImageEffects":true,"showParticleSystems":true},"in2DMode":false,"pivot":{"x":-6.201476097106934,"y":2.476621150970459,"z":-2.355846881866455},"rotation":{"x":0.08264954388141632,"y":0.7550320029258728,"z":0.09701386839151383,"w":-0.6432293653488159},"size":2.759641408920288,"orthographic":false}