{"cameraMode":{"drawMode":0,"name":"Shaded","section":"Shading Mode"},"sceneLighting":true,"audioPlay":false,"sceneViewState":{"showFog":true,"showMaterialUpdate":false,"showSkybox":false,"showFlares":true,"showImageEffects":true,"showParticleSystems":true},"in2DMode":false,"pivot":{"x":2.368623733520508,"y":1.6809980869293213,"z":52.35132598876953},"rotation":{"x":-0.06333153694868088,"y":-0.8254550099372864,"z":0.09488515555858612,"w":-0.553104817867279},"size":40.010372161865237,"orthographic":false}