{"cameraMode":{"drawMode":0,"name":"Shaded","section":"Shading Mode"},"sceneLighting":true,"audioPlay":false,"sceneViewState":{"showFog":true,"showMaterialUpdate":false,"showSkybox":false,"showFlares":true,"showImageEffects":true,"showParticleSystems":true},"in2DMode":false,"pivot":{"x":-0.9825778007507324,"y":0.029519081115722657,"z":5.230318069458008},"rotation":{"x":0.05275556445121765,"y":-0.05026320368051529,"z":0.0021266115363687279,"w":0.9975306391716003},"size":40.010372161865237,"orthographic":false}