{"cameraMode":{"drawMode":0,"name":"Shaded","section":"Shading Mode"},"sceneLighting":true,"audioPlay":false,"sceneViewState":{"showFog":true,"showMaterialUpdate":false,"showSkybox":true,"showFlares":true,"showImageEffects":true,"showParticleSystems":true},"in2DMode":false,"pivot":{"x":-0.9551652669906616,"y":1.3061580657958985,"z":5.946914196014404},"rotation":{"x":0.002924202475696802,"y":-0.5335527658462524,"z":0.00044375305878929794,"w":0.8460886478424072},"size":6.23264741897583,"orthographic":false}