{"cameraMode":{"drawMode":0,"name":"Shaded","section":"Shading Mode"},"sceneLighting":true,"audioPlay":false,"sceneViewState":{"showFog":true,"showMaterialUpdate":false,"showSkybox":true,"showFlares":true,"showImageEffects":true,"showParticleSystems":true},"in2DMode":false,"pivot":{"x":-3.328148365020752,"y":1.4085066318511963,"z":2.556767702102661},"rotation":{"x":-0.04536518082022667,"y":0.8784226179122925,"z":-0.08512965589761734,"w":-0.4681171476840973},"size":5.459641933441162,"orthographic":false}