{"cameraMode":{"drawMode":0,"name":"Shaded","section":"Shading Mode"},"sceneLighting":true,"audioPlay":false,"sceneViewState":{"showFog":true,"showMaterialUpdate":false,"showSkybox":true,"showFlares":true,"showImageEffects":true,"showParticleSystems":true},"in2DMode":false,"pivot":{"x":-1.842107892036438,"y":1.5904455184936524,"z":6.59158992767334},"rotation":{"x":-0.0016947865951806307,"y":-0.1643781065940857,"z":0.0008413678733631969,"w":-0.9866148829460144},"size":4.819070816040039,"orthographic":false}