{"cameraMode":{"drawMode":0,"name":"Shaded","section":"Shading Mode"},"sceneLighting":true,"audioPlay":false,"sceneViewState":{"showFog":true,"showMaterialUpdate":false,"showSkybox":true,"showFlares":true,"showImageEffects":true,"showParticleSystems":true},"in2DMode":false,"pivot":{"x":-0.8400511741638184,"y":1.8670001029968262,"z":6.484979629516602},"rotation":{"x":0.0003298998635727912,"y":0.9986199140548706,"z":-0.037232425063848498,"w":0.04391975700855255},"size":0.8105098009109497,"orthographic":false}