{"cameraMode":{"drawMode":0,"name":"Shaded","section":"Shading Mode"},"sceneLighting":true,"audioPlay":false,"sceneViewState":{"showFog":true,"showMaterialUpdate":false,"showSkybox":false,"showFlares":true,"showImageEffects":true,"showParticleSystems":true},"in2DMode":false,"pivot":{"x":2.857539176940918,"y":1.721800446510315,"z":-5.080641746520996},"rotation":{"x":-0.003874435555189848,"y":-0.9862177968025208,"z":0.1645384281873703,"w":-0.024523288011550905},"size":0.3028581738471985,"orthographic":false}