{"cameraMode":{"drawMode":0,"name":"Shaded","section":"Shading Mode"},"sceneLighting":true,"audioPlay":false,"sceneViewState":{"showFog":true,"showMaterialUpdate":false,"showSkybox":false,"showFlares":true,"showImageEffects":true,"showParticleSystems":true},"in2DMode":false,"pivot":{"x":-2.451295852661133,"y":0.7938789129257202,"z":-3.3277673721313478},"rotation":{"x":-0.001937113469466567,"y":0.997496485710144,"z":-0.030243387445807458,"w":-0.06412328779697418},"size":12.613954544067383,"orthographic":false}