{"cameraMode":{"drawMode":0,"name":"Shaded","section":"Shading Mode"},"sceneLighting":false,"audioPlay":false,"sceneViewState":{"showFog":true,"showMaterialUpdate":false,"showSkybox":false,"showFlares":true,"showImageEffects":true,"showParticleSystems":true},"in2DMode":false,"pivot":{"x":3.7139923572540285,"y":1.4818310737609864,"z":-6.472074508666992},"rotation":{"x":0.010405221953988076,"y":0.9740979075431824,"z":-0.22173872590065003,"w":0.04676751419901848},"size":0.12669965624809266,"orthographic":false}