{"cameraMode":{"drawMode":0,"name":"Shaded","section":"Shading Mode"},"sceneLighting":true,"audioPlay":false,"sceneViewState":{"showFog":true,"showMaterialUpdate":false,"showSkybox":true,"showFlares":true,"showImageEffects":true,"showParticleSystems":true},"in2DMode":false,"pivot":{"x":1.640206217765808,"y":2.107745409011841,"z":-9.297002792358399},"rotation":{"x":-0.0024902408476918937,"y":0.9979798197746277,"z":0.053617093712091449,"w":0.03884802758693695},"size":7.9429850578308109,"orthographic":false}