{"cameraMode":{"drawMode":0,"name":"Shaded","section":"Shading Mode"},"sceneLighting":true,"audioPlay":false,"sceneViewState":{"showFog":true,"showMaterialUpdate":false,"showSkybox":false,"showFlares":true,"showImageEffects":true,"showParticleSystems":true},"in2DMode":false,"pivot":{"x":-2.197873830795288,"y":1.7711584568023682,"z":5.691740036010742},"rotation":{"x":-0.12235323339700699,"y":-0.024567963555455209,"z":-0.003594066947698593,"w":0.992361843585968},"size":40.010372161865237,"orthographic":false}