{"cameraMode":{"drawMode":0,"name":"Shaded","section":"Shading Mode"},"sceneLighting":true,"audioPlay":false,"sceneViewState":{"showFog":true,"showMaterialUpdate":false,"showSkybox":true,"showFlares":true,"showImageEffects":true,"showParticleSystems":true},"in2DMode":false,"pivot":{"x":0.7442858219146729,"y":1.3435745239257813,"z":-1.584216594696045},"rotation":{"x":0.0010204222053289414,"y":-0.9427904486656189,"z":-0.000670120760332793,"w":0.3342167139053345},"size":6.23264741897583,"orthographic":false}