{"cameraMode":{"drawMode":0,"name":"Shaded","section":"Shading Mode"},"sceneLighting":true,"audioPlay":false,"sceneViewState":{"showFog":true,"showMaterialUpdate":false,"showSkybox":false,"showFlares":true,"showImageEffects":true,"showParticleSystems":true},"in2DMode":false,"pivot":{"x":3.8156185150146486,"y":1.6075191497802735,"z":-5.613027572631836},"rotation":{"x":-0.052431754767894748,"y":0.9480016231536865,"z":-0.22321636974811555,"w":-0.22148412466049195},"size":40.010372161865237,"orthographic":false}