{"cameraMode":{"drawMode":0,"name":"Shaded","section":"Shading Mode"},"sceneLighting":true,"audioPlay":false,"sceneViewState":{"showFog":true,"showMaterialUpdate":false,"showSkybox":true,"showFlares":true,"showImageEffects":true,"showParticleSystems":true},"in2DMode":false,"pivot":{"x":1.6424516439437867,"y":2.369392156600952,"z":3.2405543327331545},"rotation":{"x":-0.06342404335737229,"y":0.8143307566642761,"z":-0.08868110924959183,"w":-0.5705497860908508},"size":0.3655112683773041,"orthographic":false}