{"cameraMode":{"drawMode":0,"name":"Shaded","section":"Shading Mode"},"sceneLighting":true,"audioPlay":false,"sceneViewState":{"showFog":true,"showMaterialUpdate":false,"showSkybox":true,"showFlares":true,"showImageEffects":true,"showParticleSystems":true},"in2DMode":false,"pivot":{"x":-7.686119556427002,"y":1.6274406909942628,"z":1.3248751163482667},"rotation":{"x":0.07737168669700623,"y":-0.538726806640625,"z":0.04812643304467201,"w":0.8378735780715942},"size":5.221676826477051,"orthographic":false}