{"cameraMode":{"drawMode":0,"name":"Shaded","section":"Shading Mode"},"sceneLighting":true,"audioPlay":false,"sceneViewState":{"showFog":true,"showMaterialUpdate":false,"showSkybox":true,"showFlares":true,"showImageEffects":true,"showParticleSystems":true},"in2DMode":false,"pivot":{"x":1.3201956748962403,"y":1.0672303438186646,"z":10.133840560913086},"rotation":{"x":0.07957595586776734,"y":0.1461261361837387,"z":-0.01315213367342949,"w":0.9862582087516785},"size":10.839619636535645,"orthographic":false}