{"cameraMode":{"drawMode":0,"name":"Shaded","section":"Shading Mode"},"sceneLighting":true,"audioPlay":false,"sceneViewState":{"showFog":true,"showMaterialUpdate":false,"showSkybox":false,"showFlares":true,"showImageEffects":true,"showParticleSystems":true},"in2DMode":false,"pivot":{"x":-7.29510498046875,"y":5.903861999511719,"z":-3.650674819946289},"rotation":{"x":-0.026339303702116014,"y":0.9733735918998718,"z":-0.17291462421417237,"w":-0.14830197393894196},"size":40.010372161865237,"orthographic":false}