{"cameraMode":{"drawMode":0,"name":"Shaded","section":"Shading Mode"},"sceneLighting":true,"audioPlay":false,"sceneViewState":{"showFog":true,"showMaterialUpdate":false,"showSkybox":true,"showFlares":true,"showImageEffects":true,"showParticleSystems":true},"in2DMode":false,"pivot":{"x":6.681098937988281,"y":-0.8616875410079956,"z":0.2603553533554077},"rotation":{"x":0.029366478323936464,"y":0.968982994556427,"z":-0.15684977173805238,"w":0.19018463790416718},"size":6.345235347747803,"orthographic":false}